Rk,Player,Age,Team,WAR,G,PA,AB,R,H,2B,3B,HR,RBI,SB,CS,BB,SO,BA,OBP,SLG,OPS,OPS+,rOBA,Rbat+,TB,GIDP,HBP,SH,SF,IBB,Pos,Awards
1,Ronald Acuña Jr.,25,ATL,8.4,159,735,643,149,217,35,4,41,106,73,14,80,84,0.337,0.416,0.596,1.012,171,0.444,175,383,15,9,0,3,3,*9/D,"AS,MVP-1,SS"
2,Freddie Freeman*,33,LAD,6.8,161,730,637,131,211,59,2,29,102,23,1,72,121,0.331,0.41,0.567,0.976,163,0.425,167,361,14,16,0,5,12,*3,"AS,MVP-3"
3,Matt Olson*,29,ATL,7.5,162,720,608,127,172,27,3,54,139,1,0,104,167,0.283,0.389,0.604,0.993,164,0.415,163,367,13,4,0,4,8,*3,"AS,MVP-4,SS"
4,Kyle Schwarber*,30,PHI,0.7,160,720,585,108,115,19,1,47,104,0,2,126,215,0.197,0.343,0.474,0.817,121,0.349,119,277,4,6,0,3,5,7D,-MVP 19.00
5,Austin Riley,26,ATL,6,159,715,636,117,179,32,3,37,97,3,1,59,172,0.281,0.345,0.516,0.861,130,0.367,129,328,18,9,0,11,4,*5,"AS,MVP-7,SS"
6,Juan Soto*,24,SDP,5.3,162,708,568,97,156,32,1,35,109,12,5,132,129,0.275,0.41,0.519,0.93,155,0.398,155,295,18,2,1,5,11,*7/DH,"AS,MVP-6,SS"
7,Mookie Betts,30,LAD,8.6,152,693,584,126,179,40,1,39,107,14,3,96,107,0.307,0.408,0.579,0.987,165,0.424,169,338,5,8,0,5,3,946/H,"AS,MVP-2,SS"
8,Ian Happ#,28,CHC,3.5,158,691,580,86,144,35,4,21,84,14,3,99,153,0.248,0.36,0.431,0.791,118,0.351,120,250,12,6,0,6,2,*7/DH,GG
9,Trea Turner,30,PHI,3.5,155,691,639,102,170,35,5,26,76,30,0,45,150,0.266,0.32,0.459,0.778,110,0.349,111,293,12,6,0,1,2,*6/D,
10,Nico Hoerner,26,CHC,5.5,150,688,619,98,175,27,4,9,68,43,7,49,83,0.283,0.346,0.383,0.729,102,0.344,110,237,12,14,1,5,0,*46/DH,GG
11,Paul Goldschmidt,35,STL,3.3,154,687,593,89,159,31,0,25,80,11,2,87,161,0.268,0.363,0.447,0.81,120,0.355,119,265,12,3,0,3,6,*3D,
12,Francisco Lindor#,29,NYM,6.1,160,687,602,108,153,33,2,31,98,31,4,66,137,0.254,0.336,0.47,0.806,121,0.355,120,283,8,12,0,7,1,*6/DH,"MVP-9,SS"
13,Brandon Nimmo*,30,NYM,4,152,682,592,89,162,30,6,24,68,3,3,74,146,0.274,0.363,0.466,0.829,128,0.362,131,276,6,11,1,4,0,*87/DH,
14,Lane Thomas,27,WSN,3.3,156,682,628,101,168,36,3,28,86,20,5,36,176,0.268,0.315,0.468,0.783,115,0.343,116,294,5,11,0,7,0,*98/H1D,
15,Nick Castellanos,31,PHI,1.5,157,671,626,79,170,37,2,29,106,11,2,36,185,0.272,0.311,0.476,0.788,112,0.342,111,298,17,3,0,6,0,*9/DH,"AS,MVP-23"
16,Xander Bogaerts,30,SDP,4.2,155,665,596,83,170,31,2,19,58,19,2,56,110,0.285,0.35,0.44,0.79,117,0.349,117,262,21,7,0,6,0,*6/DH,
17,Spencer Steer,25,CIN,2.9,156,665,582,74,158,37,3,23,86,15,3,68,139,0.271,0.356,0.464,0.82,117,0.36,118,270,9,11,0,4,0,3574/D9H,ROY-6
18,Christian Walker,32,ARI,3.7,157,661,582,86,150,36,2,33,103,11,0,62,127,0.258,0.333,0.497,0.83,122,0.356,119,289,13,8,0,8,3,*3/DH,"MVP-23,GG"
19,Ozzie Albies#,26,ATL,5,148,660,596,96,167,30,5,33,109,13,1,46,107,0.28,0.336,0.513,0.849,126,0.362,122,306,9,8,0,8,2,*4,"AS,MVP-16"
20,Pete Alonso,28,NYM,3.3,154,658,568,92,123,21,2,46,118,4,1,65,151,0.217,0.318,0.504,0.821,123,0.351,122,286,17,21,0,4,6,*3/D,"AS,MVP-17"
21,Joey Meneses,31,WSN,0.6,154,657,611,71,168,36,1,13,89,0,0,38,130,0.275,0.321,0.401,0.722,100,0.322,103,245,15,5,0,3,0,*D3/H9,
22,Ketel Marte#,29,ARI,4.9,150,650,569,94,157,26,9,25,82,8,2,71,109,0.276,0.358,0.485,0.844,127,0.366,128,276,16,5,0,5,2,*4/DH86,
23,Jeff McNeil*,31,NYM,2.4,156,648,585,75,158,25,4,10,55,10,0,39,65,0.27,0.333,0.378,0.711,97,0.32,98,221,5,18,3,3,0,497/H836,
24,Corbin Carroll*,22,ARI,5.3,155,645,565,116,161,30,10,25,76,54,5,57,125,0.285,0.362,0.506,0.868,133,0.387,133,286,7,13,6,4,1,*798/HD,"AS,MVP-5,ROY-1"
25,Bryan Reynolds#,28,PIT,2.4,145,640,574,85,151,31,5,24,84,12,1,53,138,0.263,0.33,0.46,0.79,111,0.343,109,264,13,7,0,6,2,*7D8/H,
26,Bryson Stott*,25,PHI,4.3,151,640,585,78,164,32,2,15,62,31,3,39,100,0.28,0.329,0.419,0.747,103,0.339,105,245,10,7,1,8,1,*4/HD,
27,Willy Adames,27,MIL,2.9,149,638,553,73,120,29,2,24,80,5,3,71,165,0.217,0.31,0.407,0.717,94,0.313,93,225,12,6,0,6,1,*6/D,
28,Dansby Swanson,29,CHC,5.2,147,638,565,81,138,25,3,22,80,9,1,66,154,0.244,0.328,0.416,0.744,104,0.328,103,235,9,5,0,2,0,*6,"AS,MVP-19,GG"
29,Fernando Tatis Jr.,24,SDP,5.2,141,635,575,91,148,33,1,25,78,29,4,53,141,0.257,0.322,0.449,0.77,110,0.347,114,258,17,3,1,3,0,*9/8D4H,"MVP-14,GG"
30,Christian Yelich*,31,MIL,3.5,144,632,550,106,153,34,1,19,76,28,3,78,140,0.278,0.37,0.447,0.818,123,0.366,125,246,15,3,0,1,7,*7D/H,
31,Ryan McMahon*,28,COL,2.9,152,627,555,80,133,31,3,23,70,5,5,68,198,0.24,0.322,0.431,0.753,94,0.326,92,239,19,1,0,3,2,*54/HD,
32,Bryan De La Cruz,26,MIA,-0.7,153,626,579,60,149,32,0,19,78,4,1,40,142,0.257,0.304,0.411,0.715,88,0.315,86,238,18,1,0,5,0,*79/8HD,
33,Ha-Seong Kim,27,SDP,5.4,152,626,538,84,140,23,0,17,60,38,9,75,124,0.26,0.351,0.398,0.749,107,0.348,115,214,7,3,5,5,1,456/HD,"MVP-14,GG"
34,Carlos Santana#,37,2TM,2.7,146,619,550,78,132,33,1,23,86,6,0,65,104,0.24,0.318,0.429,0.747,101,0.331,102,236,11,0,0,4,0,*3D/H,
34,Carlos Santana#,37,PIT,1.5,94,393,345,45,81,25,0,12,53,6,0,45,69,0.235,0.321,0.412,0.732,97,0.329,99,142,3,0,0,3,0,3/D,
34,Carlos Santana#,37,MIL,1.1,52,226,205,33,51,8,1,11,33,0,0,20,35,0.249,0.314,0.459,0.773,108,0.333,107,94,8,0,0,1,0,3/DH,
35,Luis Arráez*,26,MIA,4.6,147,617,574,71,203,30,3,10,69,3,2,35,34,0.354,0.393,0.469,0.861,128,0.373,129,269,18,4,1,3,10,*43/HD,"AS,MVP-8,SS"
36,Ezequiel Tovar,21,COL,2.5,153,615,581,79,147,37,4,15,73,11,5,25,166,0.253,0.287,0.408,0.695,79,0.305,76,237,10,4,2,3,0,*6,
37,CJ Abrams*,22,WSN,3.5,151,614,563,83,138,28,6,18,64,47,4,32,118,0.245,0.3,0.412,0.712,96,0.324,94,232,7,13,3,3,2,*6/H,
38,Nolan Arenado,32,STL,2.2,144,612,560,71,149,26,2,26,93,3,3,41,101,0.266,0.315,0.459,0.774,108,0.335,108,257,21,3,0,8,5,*5D/H,AS
39,Alec Bohm,26,PHI,0.5,145,611,558,74,153,31,0,20,97,4,1,42,94,0.274,0.327,0.437,0.765,107,0.333,106,244,23,5,0,6,1,53/DH,
40,William Contreras,25,MIL,3.7,141,611,540,86,156,38,1,17,78,6,1,63,126,0.289,0.367,0.457,0.825,124,0.362,126,247,23,5,1,2,2,2D/H,"MVP-11,SS"
41,Manny Machado,30,SDP,2.7,138,601,543,75,140,21,0,30,91,3,2,50,109,0.258,0.319,0.462,0.782,113,0.337,111,251,20,2,0,6,1,5D,
42,Lourdes Gurriel Jr.,29,ARI,2.9,145,592,551,65,144,35,2,24,82,5,0,33,103,0.261,0.309,0.463,0.772,107,0.333,104,255,20,6,0,2,1,7D/H3,AS
43,Marcell Ozuna,32,ATL,3.4,144,592,530,84,145,29,1,40,100,0,0,57,134,0.274,0.346,0.558,0.905,140,0.384,141,296,9,3,0,2,1,*D/7H,-MVP 19.00
44,Dominic Smith*,28,WSN,0.9,153,586,527,57,134,21,1,12,46,1,1,47,91,0.254,0.326,0.366,0.692,93,0.31,95,193,12,10,0,2,1,*3/HD,
45,Seiya Suzuki,28,CHC,3.2,138,583,515,75,147,31,6,20,74,6,7,59,130,0.285,0.357,0.485,0.842,130,0.357,128,250,8,2,0,7,3,*9/DH,
46,Jorge Soler,31,MIA,1.5,137,580,504,77,126,24,0,36,75,1,0,66,141,0.25,0.341,0.512,0.853,123,0.364,121,258,20,6,0,4,4,D9/H,AS
47,Max Muncy*,32,LAD,2.9,135,579,482,95,102,17,1,36,105,1,2,85,153,0.212,0.333,0.475,0.808,117,0.345,115,229,8,6,0,6,4,*5D/H,
48,Jeimer Candelario#,29,2TM,3.3,140,576,505,77,127,39,3,22,70,8,1,53,127,0.251,0.336,0.471,0.807,121,0.353,123,238,11,13,0,4,1,*53/DH,
48,Jeimer Candelario#,29,WSN,3.1,99,419,368,57,95,30,2,16,53,6,1,36,88,0.258,0.342,0.481,0.823,126,0.36,129,177,10,12,0,2,1,5/D,
48,Jeimer Candelario#,29,CHC,0.2,41,157,137,20,32,9,1,6,17,2,0,17,39,0.234,0.318,0.445,0.764,108,0.334,107,61,1,1,0,2,0,35/DH,
49,James Outman*,26,LAD,3.4,151,567,483,86,120,16,3,23,70,16,3,68,181,0.248,0.353,0.437,0.79,114,0.349,114,211,4,12,0,4,1,*87/H9D,ROY-3
50,Keibert Ruiz#,24,WSN,1.4,136,562,523,55,136,24,0,18,67,1,1,31,58,0.26,0.308,0.409,0.717,98,0.314,98,214,13,6,0,2,1,*2D/H,
51,Cody Bellinger*,27,CHC,4.8,130,556,499,95,153,29,1,26,97,20,6,40,87,0.307,0.356,0.525,0.881,139,0.382,141,262,7,5,0,12,3,83/DH,"MVP-10,SS"
52,TJ Friedl*,27,CIN,3.6,138,556,488,73,136,22,8,18,66,27,6,47,90,0.279,0.352,0.467,0.819,117,0.363,119,228,0,10,8,3,1,*87H/9D,-MVP 23.00
53,Trent Grisham*,26,SDP,1.8,153,555,469,67,93,31,1,13,50,15,3,75,154,0.198,0.315,0.352,0.666,84,0.309,89,165,7,5,4,1,0,*8/H,
54,Will Smith,28,LAD,4.1,126,554,464,80,121,21,2,19,76,3,0,63,89,0.261,0.359,0.438,0.797,116,0.349,116,203,8,15,0,12,2,*2D/H,AS
55,J.D. Davis,30,SFG,0.9,144,546,480,61,119,23,1,18,69,1,0,52,152,0.248,0.325,0.413,0.738,104,0.326,106,198,16,6,0,6,0,*5H3D,
56,Bryce Harper*,30,PHI,3.6,126,546,457,84,134,29,1,21,72,11,3,80,119,0.293,0.401,0.499,0.9,145,0.387,144,228,10,5,0,4,8,D3/H,"MVP-12,SS"
57,J.T. Realmuto,32,PHI,3.5,135,540,489,70,123,28,5,20,63,16,5,35,138,0.252,0.31,0.452,0.762,105,0.339,109,221,10,9,0,5,3,*2/H,
58,Michael Harris II*,22,ATL,3.5,138,539,505,76,148,33,3,18,57,20,4,25,101,0.293,0.331,0.477,0.808,116,0.351,114,241,8,5,1,3,1,*8/H,
59,Jack Suwinski*,24,PIT,2.1,144,534,447,63,100,21,2,26,74,13,2,75,172,0.224,0.339,0.454,0.793,113,0.349,113,203,2,6,0,6,2,*897H/D,
60,Orlando Arcia,28,ATL,1.7,139,533,488,66,129,25,0,17,65,1,0,39,102,0.264,0.321,0.42,0.741,99,0.325,98,205,14,3,0,3,0,*6/H,AS
61,Thairo Estrada,27,SFG,2.5,120,530,495,63,134,26,2,14,49,23,7,22,120,0.271,0.315,0.416,0.731,102,0.325,103,206,10,11,0,2,1,46/7D,
62,Jonathan India,26,CIN,1.3,119,529,454,78,111,23,0,17,61,14,2,52,109,0.244,0.338,0.407,0.746,98,0.337,101,185,13,16,0,7,0,4D/H,
63,Tommy Edman#,28,STL,2.1,137,528,479,69,119,25,4,13,47,27,4,35,84,0.248,0.307,0.399,0.705,91,0.319,90,191,9,7,3,4,1,468/9H,
64,Elias Díaz,32,COL,1.5,141,526,486,48,130,25,1,14,72,1,0,34,118,0.267,0.316,0.409,0.725,87,0.323,88,199,12,2,0,4,0,*2H/D,AS
65,Ke'Bryan Hayes,26,PIT,3.9,124,525,494,65,134,31,7,15,61,10,6,28,104,0.271,0.309,0.453,0.762,103,0.324,99,224,11,0,0,3,1,*5/DH,GG
66,Jake Cronenworth*,29,SDP,0.8,127,522,458,54,105,24,7,10,48,6,1,46,97,0.229,0.312,0.378,0.689,89,0.306,88,173,8,11,1,5,2,34/H,
67,Jurickson Profar#,30,2TM,-1.2,125,521,459,55,111,27,2,9,46,1,0,50,90,0.242,0.321,0.368,0.689,81,0.307,78,169,11,6,0,5,0,7DH/394,
67,Jurickson Profar#,30,COL,-1.6,111,472,415,51,98,25,2,8,39,1,0,45,86,0.236,0.316,0.364,0.68,77,0.304,74,151,9,6,0,5,0,7D/H,
67,Jurickson Profar#,30,SDP,0.4,14,49,44,4,13,2,0,1,7,0,0,5,4,0.295,0.367,0.409,0.776,115,0.343,116,18,2,0,0,0,0,/73H94D,
68,LaMonte Wade Jr.*,29,SFG,2.8,135,519,429,64,110,14,2,17,45,2,0,76,95,0.256,0.373,0.417,0.79,120,0.355,126,179,4,6,4,4,3,*3H7/9D8,
69,Tyler Stephenson,26,CIN,0.6,142,517,465,59,113,20,2,13,56,0,1,47,135,0.243,0.317,0.378,0.696,85,0.318,91,176,16,4,0,1,2,2DH/3,
70,Eddie Rosario*,31,ATL,1.2,142,516,478,64,122,24,3,21,74,3,4,34,122,0.255,0.305,0.45,0.755,101,0.324,100,215,13,1,1,2,1,*7DH,
71,Mark Canha,34,2TM,2.2,139,507,435,51,114,25,1,11,62,11,1,49,79,0.262,0.355,0.4,0.755,108,0.34,111,174,11,17,0,6,1,7D93H/5,
71,Mark Canha,34,NYM,1.2,89,303,257,28,63,15,1,6,29,7,0,32,52,0.245,0.343,0.381,0.725,101,0.33,103,98,8,9,0,5,0,7D39H/5,
71,Mark Canha,34,MIL,1,50,204,178,23,51,10,0,5,33,4,1,17,27,0.287,0.373,0.427,0.8,119,0.356,122,76,3,8,0,1,1,D79/3H,
72,Lars Nootbaar*,25,STL,3.3,117,503,426,74,111,23,1,14,46,11,1,72,99,0.261,0.367,0.418,0.784,114,0.354,118,178,7,1,1,3,2,*897/HD,
73,Willson Contreras,31,STL,3.3,125,495,428,55,113,27,0,20,67,6,3,51,111,0.264,0.358,0.467,0.826,123,0.368,131,200,12,13,1,2,0,2D/H,
74,Geraldo Perdomo#,23,ARI,2,144,495,407,71,100,20,4,6,47,16,4,64,86,0.246,0.353,0.359,0.712,95,0.323,96,146,2,6,14,4,1,*645H,AS
75,Luis García Jr.*,23,WSN,0.7,122,482,447,61,119,18,4,9,50,9,4,27,60,0.266,0.304,0.385,0.688,90,0.302,89,172,10,0,1,7,1,*4H,
76,Tommy Pham,35,2TM,1.5,129,481,426,55,109,27,3,16,68,22,3,47,106,0.256,0.328,0.446,0.774,111,0.342,109,190,11,2,0,6,1,7DH9/8,
76,Tommy Pham,35,NYM,1.2,79,264,231,29,62,15,1,10,36,11,1,29,56,0.268,0.348,0.472,0.82,125,0.361,124,109,2,1,0,3,1,7DH/8,
76,Tommy Pham,35,ARI,0.3,50,217,195,26,47,12,2,6,32,11,2,18,50,0.241,0.304,0.415,0.72,94,0.32,91,81,9,1,0,3,0,D79,
77,J.D. Martinez,35,LAD,2,113,479,432,61,117,27,2,33,103,1,0,34,149,0.271,0.321,0.572,0.893,136,0.372,133,247,11,2,0,9,1,*D/7H,AS
78,Andrew McCutchen,36,PIT,1.4,112,473,390,55,100,19,0,12,43,11,3,75,100,0.256,0.378,0.397,0.776,112,0.348,113,155,8,4,0,4,1,D/9H,
79,Connor Joe,30,PIT,0.7,133,472,413,63,102,31,4,11,42,3,5,50,110,0.247,0.339,0.421,0.76,105,0.332,106,174,4,8,0,1,0,937H/D,
80,Brandon Marsh*,25,PHI,3.4,133,472,404,58,112,25,6,12,60,10,2,59,144,0.277,0.372,0.458,0.829,126,0.367,129,185,4,4,1,4,2,*87H/9D,
81,Michael Conforto*,30,SFG,0.8,125,470,406,58,97,14,0,15,58,4,0,53,106,0.239,0.334,0.384,0.718,100,0.317,98,156,12,7,0,4,4,*97DH,
82,Jordan Walker,21,STL,-0.1,117,465,420,51,116,19,2,16,51,7,4,37,104,0.276,0.342,0.445,0.787,113,0.342,113,187,9,6,0,2,0,*97/DH,
83,Nolan Gorman*,23,STL,2.4,119,464,406,59,96,17,0,27,76,7,2,53,148,0.236,0.328,0.478,0.805,116,0.347,114,194,5,3,0,2,1,4D5H,
84,Garrett Cooper,32,2TM,-0.3,123,457,422,42,106,18,1,17,61,0,0,31,132,0.251,0.304,0.419,0.724,92,0.315,89,177,15,2,0,2,0,3DH,
84,Garrett Cooper,32,MIA,-0.1,82,324,305,28,78,11,1,13,46,0,0,17,97,0.256,0.296,0.426,0.723,89,0.315,87,130,9,1,0,1,0,3D/H,
84,Garrett Cooper,32,SDP,-0.2,41,133,117,14,28,7,0,4,15,0,0,14,35,0.239,0.323,0.402,0.725,99,0.315,96,47,6,1,0,1,0,3D/H,
85,Wilmer Flores,31,SFG,2.7,126,454,405,51,115,22,0,23,60,0,0,41,63,0.284,0.355,0.509,0.863,137,0.369,137,206,13,5,0,3,1,3DH5/4,
86,Brice Turang*,23,MIL,1.5,137,448,404,46,88,9,3,6,34,26,4,38,94,0.218,0.285,0.3,0.585,61,0.277,60,121,9,1,3,2,1,*46H/D,
87,Alex Call,28,WSN,1,128,439,375,43,75,14,1,8,38,9,8,53,78,0.2,0.307,0.307,0.614,72,0.282,78,115,1,6,3,2,0,*87/9H,
88,Sean Murphy,28,ATL,4,108,438,370,65,93,21,0,21,68,0,0,49,98,0.251,0.365,0.478,0.844,127,0.371,131,177,18,18,0,1,0,2/DH,AS
89,Brenton Doyle,25,COL,0.8,126,431,399,48,81,16,5,10,48,22,5,22,151,0.203,0.25,0.343,0.593,53,0.269,45,137,9,4,3,3,0,*8/H,GG
90,Christopher Morel,24,CHC,1.5,107,429,388,62,96,17,3,26,70,6,2,36,133,0.247,0.313,0.508,0.821,122,0.351,121,197,7,2,1,2,0,D48/795H6,
91,Elly De La Cruz#,21,CIN,0.7,98,427,388,67,91,15,7,13,44,35,8,35,144,0.235,0.3,0.41,0.71,87,0.319,84,159,6,2,1,1,3,65/HD,ROY-7
92,Joc Pederson*,31,SFG,0.7,121,425,358,59,84,14,3,15,51,0,0,57,89,0.235,0.348,0.416,0.764,112,0.335,112,149,12,7,0,3,6,D7H/93,
93,Jon Berti,33,MIA,2.2,133,424,388,53,114,16,3,7,33,16,6,29,77,0.294,0.344,0.405,0.748,98,0.331,97,157,10,2,2,3,2,65H74/9D,
94,Nolan Jones*,25,COL,4.3,106,424,367,60,109,22,4,20,62,20,4,53,126,0.297,0.389,0.542,0.931,140,0.404,142,199,1,3,0,1,3,793/8H5,ROY-4
95,Francisco Alvarez,21,NYM,1,123,423,382,51,80,12,0,25,63,2,0,34,110,0.209,0.284,0.437,0.721,96,0.311,93,167,14,6,0,1,0,2H/D,
96,Miguel Rojas,34,LAD,1.4,124,423,385,49,91,16,1,5,31,8,3,26,48,0.236,0.29,0.322,0.612,67,0.284,70,124,12,5,2,5,0,*6H/1D45,
97,David Peralta*,35,LAD,0.7,133,422,394,47,102,25,1,7,55,4,1,20,72,0.259,0.294,0.381,0.675,82,0.302,82,150,8,2,0,6,1,*7H9/D,
98,Yan Gomes,35,CHC,2,116,419,382,44,102,20,2,10,63,1,0,21,81,0.267,0.315,0.408,0.723,98,0.313,94,156,9,9,0,7,1,2DH,
99,Charlie Blackmon*,36,COL,1.4,96,413,359,57,100,24,5,8,40,4,1,39,55,0.279,0.363,0.44,0.803,109,0.355,111,158,6,11,0,4,0,D9/H,
100,Joey Wiemer,24,MIL,0.9,132,410,367,48,75,19,0,13,42,11,4,36,116,0.204,0.283,0.362,0.645,75,0.293,77,133,4,5,0,2,0,*89/H7,
101,Matt McLain,23,CIN,3.6,89,403,365,65,106,23,4,16,50,14,5,31,115,0.29,0.357,0.507,0.864,127,0.381,133,185,5,7,0,0,0,64/DH,ROY-5
102,Jesús Sánchez*,25,MIA,1.5,125,402,360,43,91,23,3,14,52,3,1,38,107,0.253,0.327,0.45,0.777,104,0.343,106,162,12,2,1,1,1,*9H/87D,
103,Alek Thomas*,23,ARI,1,125,402,374,51,86,17,5,9,39,9,1,19,86,0.23,0.273,0.374,0.647,74,0.291,73,140,5,4,2,3,1,*8H/D,
104,Mike Tauchman*,32,CHC,2.7,108,401,337,64,85,18,0,8,48,7,1,56,86,0.252,0.363,0.377,0.739,105,0.342,113,127,3,4,1,3,1,8HD9/7,
105,Brett Baty*,23,NYM,-0.7,108,389,353,41,75,12,0,9,34,2,0,29,109,0.212,0.275,0.323,0.598,66,0.275,67,114,8,2,1,1,0,5/HD7,
106,Chris Taylor,32,LAD,1.5,117,384,338,51,80,15,1,15,56,16,3,41,125,0.237,0.326,0.42,0.746,102,0.333,102,142,2,4,0,1,2,765H/D84,
107,Jazz Chisholm Jr.*,25,MIA,1,97,383,352,50,88,12,2,19,51,22,3,26,118,0.25,0.304,0.457,0.761,99,0.342,99,161,4,2,1,2,0,8/HD,
108,Mike Yastrzemski*,32,SFG,2.4,106,381,330,54,77,23,1,15,43,2,2,45,99,0.233,0.33,0.445,0.775,114,0.333,112,147,5,3,2,1,3,987H/D,
109,Jake Fraley*,28,CIN,0.8,111,380,336,41,86,18,0,15,65,21,5,37,71,0.256,0.339,0.443,0.783,107,0.349,108,149,5,6,0,1,2,97HD,
110,Gabriel Moreno,23,ARI,4.3,111,380,341,33,97,19,1,7,50,6,2,29,75,0.284,0.339,0.408,0.747,103,0.332,104,139,17,3,0,7,0,2H/D,GG
111,Jason Heyward*,33,LAD,1.9,124,377,334,56,90,23,0,15,40,2,2,34,64,0.269,0.34,0.473,0.813,119,0.355,122,158,7,3,0,3,1,*98H/73D,
112,Ji Hwan Bae*,23,PIT,-0.5,111,371,334,54,77,17,2,2,32,24,9,30,92,0.231,0.296,0.311,0.608,66,0.276,62,104,4,2,3,2,0,48H/6,
113,Brendan Donovan*,26,STL,1.9,95,371,327,48,93,10,1,11,34,5,1,33,53,0.284,0.365,0.422,0.787,114,0.358,122,138,4,9,1,1,2,47D3H/956,
114,Brian Anderson,30,MIL,0.5,96,361,318,38,72,12,3,9,40,1,3,36,108,0.226,0.31,0.368,0.678,85,0.3,85,117,10,4,0,3,0,59/HD,
115,Paul DeJong,29,2TM,0.3,99,356,328,40,74,13,0,14,37,4,4,21,103,0.226,0.281,0.393,0.674,82,0.289,77,129,9,5,0,2,0,6/H4D,
115,Paul DeJong,29,STL,0.7,81,306,279,38,65,11,0,13,32,4,4,21,87,0.233,0.297,0.412,0.71,91,0.304,87,115,8,5,0,1,0,6/H,
115,Paul DeJong,29,SFG,-0.4,18,50,49,2,9,2,0,1,5,0,0,0,16,0.184,0.18,0.286,0.466,27,0.197,14,14,1,0,0,1,0,6/H4D,
116,Patrick Bailey#,24,SFG,0.8,97,353,326,29,76,18,1,7,48,1,0,21,100,0.233,0.285,0.359,0.644,78,0.284,75,117,8,3,2,1,0,2/HD,ROY-7
117,Rowdy Tellez*,28,MIL,-0.7,105,351,311,26,67,9,1,13,47,0,0,35,86,0.215,0.291,0.376,0.667,81,0.294,78,117,11,0,0,5,2,3DH/1,
118,Alec Burleson*,24,STL,-0.7,107,347,315,34,77,20,1,8,36,3,1,23,45,0.244,0.3,0.39,0.691,87,0.302,83,123,13,3,1,2,0,7DH39/1,
119,Blake Sabol*,25,SFG,0.2,110,344,310,36,73,10,0,13,44,4,2,24,117,0.235,0.301,0.394,0.695,92,0.31,95,122,4,6,2,2,0,27HD,
120,Starling Marte,34,NYM,-0.7,86,341,315,38,78,7,1,5,28,24,4,16,69,0.248,0.301,0.324,0.625,74,0.29,72,102,8,8,2,0,1,9/H8,
121,Kris Bryant,31,COL,-1,80,335,300,36,70,10,0,10,31,0,0,29,68,0.233,0.313,0.367,0.68,77,0.318,85,110,6,6,0,0,0,9D/37H,
122,Nick Senzel,28,CIN,0,104,330,301,49,71,10,0,13,42,6,2,26,74,0.236,0.297,0.399,0.696,84,0.327,96,120,9,1,0,2,0,57H89/4D,
123,Will Benson*,25,CIN,1.6,108,329,287,51,79,15,8,11,31,19,3,40,103,0.275,0.365,0.498,0.863,128,0.383,130,143,3,1,0,1,0,97H/D8,
124,Yuli Gurriel,39,MIA,-0.7,108,329,298,32,73,16,3,4,27,4,0,26,44,0.245,0.304,0.359,0.663,76,0.293,69,107,13,1,0,4,3,3H/D,
125,Jean Segura,33,MIA,-2.1,85,326,301,25,66,5,2,3,21,6,2,22,47,0.219,0.277,0.279,0.556,49,0.251,40,84,12,2,1,0,1,5/H,
126,Nick Fortes,26,MIA,-0.3,108,323,294,33,60,10,0,6,26,4,2,17,59,0.204,0.263,0.299,0.562,49,0.259,46,88,12,7,3,2,0,2H/D,
127,Brandon Crawford*,36,SFG,-1.3,93,320,283,31,55,11,1,7,38,3,0,28,81,0.194,0.273,0.314,0.587,63,0.265,61,89,5,4,1,4,1,6/H1,
128,Daniel Vogelbach*,30,NYM,0.2,104,319,275,33,64,8,0,13,48,0,0,42,81,0.233,0.339,0.404,0.742,105,0.327,105,111,6,2,0,0,1,DH,
129,Joey Wendle*,33,MIA,-0.4,112,318,297,33,63,16,3,2,20,7,1,13,67,0.212,0.248,0.306,0.554,47,0.248,36,91,8,2,3,3,0,6/H,
130,Andruw Monasterio,26,MIL,1.3,92,315,282,38,73,14,1,3,27,7,2,28,66,0.259,0.33,0.348,0.678,86,0.31,89,98,9,3,0,2,0,54/H6D,
131,Owen Miller,26,MIL,0.3,90,314,291,29,76,17,0,5,27,13,2,17,61,0.261,0.303,0.371,0.674,83,0.3,79,108,6,2,0,4,1,435H/7D9,
132,Jake McCarthy*,25,ARI,0.4,99,312,276,37,67,7,5,2,16,26,4,26,62,0.243,0.318,0.326,0.644,77,0.305,76,90,4,5,4,1,0,9H8/D,
133,Elehuris Montero,24,COL,-0.1,85,307,284,40,69,15,2,11,39,0,0,15,111,0.243,0.29,0.426,0.716,84,0.319,86,121,5,5,0,3,0,3D5/H,
134,Miguel Vargas,23,LAD,0.1,81,304,256,36,50,15,4,7,32,3,2,38,61,0.195,0.305,0.367,0.672,82,0.3,82,94,1,4,1,4,1,4H/3D,
135,Patrick Wisdom,31,CHC,0.5,97,302,268,43,55,8,1,23,46,4,2,30,111,0.205,0.289,0.5,0.789,112,0.334,110,134,4,2,1,1,0,5H3D/794,
136,Edmundo Sosa,27,PHI,0.6,104,300,279,34,70,15,2,10,30,4,2,8,74,0.251,0.293,0.427,0.719,94,0.31,90,119,10,9,2,1,0,56H/48,
137,Nick Madrigal,26,CHC,1.3,92,294,270,34,71,16,1,2,28,10,2,10,24,0.263,0.311,0.352,0.663,83,0.298,80,95,3,9,5,0,0,5H4/D,
138,Travis d'Arnaud,34,ATL,0.2,74,292,267,31,60,13,0,11,39,0,0,21,67,0.225,0.288,0.397,0.685,84,0.3,81,106,6,3,0,1,0,2/DH,
139,Ildemaro Vargas#,31,WSN,0.8,86,286,262,32,66,13,2,4,31,1,1,19,20,0.252,0.304,0.363,0.666,85,0.297,85,95,10,1,3,1,0,546H7/19,
140,Emmanuel Rivera,27,ARI,0.2,86,283,257,32,67,13,0,4,29,1,0,22,56,0.261,0.314,0.358,0.672,83,0.3,81,92,9,0,0,4,0,5H3/D,
141,Casey Schmitt,24,SFG,-0.4,90,277,253,28,52,15,0,5,30,2,1,13,65,0.206,0.255,0.324,0.58,60,0.256,56,82,7,5,3,3,0,654H,
142,Jacob Stallings,33,MIA,-0.8,88,276,241,22,46,14,0,3,20,0,0,27,67,0.191,0.278,0.286,0.565,51,0.259,47,69,9,3,3,2,0,2/1DH,
143,Stone Garrett,27,WSN,1.9,89,271,234,40,63,17,0,9,40,3,1,26,82,0.269,0.343,0.457,0.801,121,0.354,126,107,6,3,0,5,0,7H9/D,
144,Harold Castro*,29,COL,-1.4,99,270,258,24,65,13,0,1,31,1,0,9,66,0.252,0.275,0.314,0.589,54,0.266,47,81,5,0,1,2,0,4H8/769D15,
145,Gary Sánchez,30,2TM,2.1,75,267,240,33,52,9,0,19,47,0,0,21,67,0.217,0.288,0.492,0.78,110,0.337,111,118,3,4,0,2,0,2/DH,
145,Gary Sánchez,30,NYM,-0.1,3,7,6,0,1,0,0,0,1,0,0,0,3,0.167,0.143,0.167,0.31,-14,0.128,-37,1,0,0,0,1,0,/2,
145,Gary Sánchez,30,SDP,2.3,72,260,234,33,51,9,0,19,46,0,0,21,64,0.218,0.292,0.5,0.792,113,0.343,115,117,3,4,0,1,0,2/DH,
146,Tyler O'Neill,28,STL,0.3,72,266,238,27,55,14,0,9,21,5,0,28,67,0.231,0.312,0.403,0.715,93,0.319,93,96,5,0,0,0,0,78/HD,
147,Joshua Palacios*,27,PIT,-0.2,91,264,247,26,59,9,2,10,40,5,0,12,56,0.239,0.279,0.413,0.692,85,0.3,78,102,7,2,2,1,0,9H78/D,
148,Randal Grichuk,31,COL,1,64,263,240,40,74,19,1,8,27,2,2,18,51,0.308,0.365,0.496,0.861,122,0.375,127,119,6,4,0,1,2,987D/H,
149,Trey Mancini,31,CHC,-1.1,79,263,235,31,55,12,0,4,28,0,0,21,78,0.234,0.299,0.336,0.635,75,0.281,71,79,5,2,0,3,1,3DH/9,
150,Rodolfo Castro,24,2TM,-0.4,92,256,227,21,48,7,0,6,24,1,4,23,74,0.211,0.297,0.322,0.618,69,0.278,71,73,4,5,0,1,1,46H5/D,
150,Rodolfo Castro,24,PIT,0,78,224,197,19,45,7,0,6,22,1,4,21,62,0.228,0.317,0.355,0.672,83,0.301,87,70,4,5,0,1,1,46H/5D,
150,Rodolfo Castro,24,PHI,-0.4,14,32,30,2,3,0,0,0,2,0,0,2,12,0.1,0.156,0.1,0.256,-27,0.119,-46,3,0,0,0,0,0,/54HD,
151,Dylan Carlson#,24,STL,0.5,76,255,219,27,48,8,1,5,27,3,0,26,49,0.219,0.318,0.333,0.651,78,0.3,80,73,4,7,0,3,0,89/H7D,
152,Henry Davis,23,PIT,-1.5,62,255,225,27,48,10,0,7,24,3,5,25,69,0.213,0.302,0.351,0.653,77,0.283,74,79,3,4,0,1,2,9D/2H,
153,Stuart Fairchild,27,CIN,0.4,97,255,219,34,50,16,2,5,28,10,3,25,69,0.228,0.321,0.388,0.71,89,0.318,88,85,2,6,3,2,0,798H/D,
154,Luis Matos,21,SFG,-0.4,76,253,228,24,57,13,1,2,14,3,0,20,33,0.25,0.319,0.342,0.661,85,0.308,91,78,3,3,2,0,0,897/HD,
155,Kevin Newman,29,CIN,-0.4,74,253,225,28,57,16,0,3,28,8,1,17,34,0.253,0.311,0.364,0.675,80,0.307,78,82,7,4,2,5,0,564H/3D,
156,Garrett Hampson,28,MIA,1.1,98,252,221,30,61,12,1,3,23,5,0,23,67,0.276,0.349,0.38,0.729,95,0.342,103,84,3,3,3,2,0,689H47/5D,
157,Tyrone Taylor,29,MIL,0.4,81,243,231,36,54,17,1,10,35,9,0,8,55,0.234,0.267,0.446,0.713,91,0.313,86,103,10,3,0,1,0,97H/8D,
158,Joey Votto*,39,CIN,-0.1,65,242,208,26,42,6,0,14,38,0,0,27,62,0.202,0.314,0.433,0.747,97,0.328,97,90,2,7,0,0,0,3D/H,
159,Christian Encarnacion-Strand,23,CIN,0.5,63,241,222,29,60,7,0,13,37,2,0,14,69,0.27,0.328,0.477,0.805,112,0.353,113,106,5,5,0,0,0,3D/5H9,
160,Andrew Knizner,28,STL,1,70,241,224,30,54,11,0,10,31,2,0,12,62,0.241,0.288,0.424,0.712,91,0.309,87,95,8,3,1,1,0,2/H3D,
161,Matt Carpenter*,37,SDP,-0.3,76,237,188,18,33,12,0,5,31,1,0,41,67,0.176,0.322,0.319,0.641,79,0.293,79,60,2,2,0,5,0,DH3,
162,Evan Longoria,37,ARI,0.4,74,237,211,25,47,9,0,11,28,0,0,23,73,0.223,0.295,0.422,0.717,93,0.315,92,89,8,0,0,3,0,5DH,
163,Mark Vientos,23,NYM,-1,65,233,218,19,46,5,1,9,22,1,0,10,71,0.211,0.253,0.367,0.62,69,0.273,66,80,5,3,0,2,0,D53/H,
164,Mitch Haniger,32,SFG,-0.2,61,229,211,27,44,13,1,6,28,1,0,15,65,0.209,0.266,0.365,0.631,74,0.278,71,77,7,2,0,1,0,79/HD,
165,Pavin Smith*,27,ARI,-0.8,69,228,191,26,36,5,0,7,30,1,1,35,45,0.188,0.317,0.325,0.642,76,0.296,80,62,3,1,0,0,0,D9H3,
166,Alan Trejo,27,COL,0.1,82,227,207,24,48,11,0,4,26,5,1,16,51,0.232,0.288,0.343,0.631,64,0.28,55,71,3,1,1,2,0,45H/61D,
167,Victor Caratini#,29,MIL,0.7,62,226,201,23,52,4,0,7,25,1,1,19,45,0.259,0.327,0.383,0.711,94,0.32,98,77,8,3,0,3,0,2/HD3,
168,Josh Bell#,30,MIA,0.2,53,224,200,26,54,9,0,11,26,0,0,20,53,0.27,0.338,0.48,0.818,114,0.355,115,96,6,1,0,1,1,3D,
169,C.J. Cron,33,COL,0,56,224,208,31,54,12,0,11,32,0,0,13,50,0.26,0.304,0.476,0.78,99,0.333,96,99,10,1,0,2,0,3/DH,
170,Sal Frelick*,23,MIL,1.1,57,223,191,29,47,9,1,3,24,7,0,28,37,0.246,0.341,0.351,0.692,90,0.315,88,67,2,1,0,3,0,98/H7D,
171,Tucupita Marcano*,23,PIT,-0.3,75,220,202,16,47,12,2,3,18,5,2,10,35,0.233,0.276,0.356,0.633,70,0.284,69,72,2,3,3,2,0,64H/5D,
172,Jake Burger,27,MIA,1,53,217,198,27,60,13,0,9,28,0,0,10,47,0.303,0.355,0.505,0.86,125,0.37,126,100,1,7,0,2,0,5/D,
173,Josh Rojas*,29,ARI,-0.3,59,216,189,23,43,13,0,0,26,6,0,18,51,0.228,0.292,0.296,0.589,62,0.275,59,56,2,1,2,4,0,5/H4D17,
174,Liover Peguero,22,PIT,-0.6,59,213,198,21,47,4,1,7,26,6,2,11,67,0.237,0.28,0.374,0.653,75,0.282,67,74,6,1,2,1,0,64,
175,Nick Ahmed,33,ARI,-0.3,72,210,198,14,42,10,1,2,17,5,1,12,52,0.212,0.257,0.303,0.56,52,0.25,44,60,0,0,0,0,0,6H/D,
176,Jared Triolo,25,PIT,2,54,209,181,30,54,9,0,3,21,6,1,24,63,0.298,0.388,0.398,0.785,114,0.367,126,72,0,3,0,1,0,54/3HD,
177,Austin Slater,30,SFG,0.8,89,207,185,24,50,9,0,5,20,2,2,20,58,0.27,0.348,0.4,0.748,108,0.339,117,74,2,2,0,0,0,H87/9D,
178,Kevin Pillar,34,ATL,0,81,206,197,29,45,10,0,9,32,4,1,6,50,0.228,0.248,0.416,0.664,76,0.289,72,82,2,0,0,3,0,7H9/8,
179,Endy Rodríguez#,23,PIT,0.2,57,204,186,27,41,7,2,3,13,0,0,17,49,0.22,0.284,0.328,0.612,66,0.276,63,61,3,0,0,1,0,2H/3D,
180,Jake Cave*,30,PHI,-0.3,65,203,184,18,39,8,1,5,21,3,0,15,55,0.212,0.272,0.348,0.62,68,0.274,62,64,3,1,1,2,0,739/H8D,
181,Austin Barnes,33,LAD,-1,59,200,178,15,32,5,0,2,11,2,1,17,43,0.18,0.256,0.242,0.498,37,0.232,33,43,7,2,1,2,0,2/H4D,
182,Luke Maile,32,CIN,0.8,74,199,179,17,42,10,0,6,25,2,1,14,49,0.235,0.308,0.391,0.699,85,0.32,92,70,8,5,1,0,0,2/1HD,
183,Jesse Winker*,29,MIL,-0.7,61,197,166,16,33,5,0,1,23,0,0,26,51,0.199,0.32,0.247,0.567,59,0.275,65,41,0,4,0,1,0,DH/97,
184,Brendan Rodgers,26,COL,0.1,46,192,178,21,46,9,1,4,20,0,0,11,41,0.258,0.313,0.388,0.7,82,0.309,79,69,6,3,0,0,0,4/DH,
185,Jason Delay,28,PIT,-0.1,70,187,167,20,42,11,1,1,18,0,0,14,44,0.251,0.319,0.347,0.666,81,0.294,77,58,5,3,2,1,0,2/H,
186,Austin Hedges,30,PIT,-1,65,187,161,13,29,5,0,1,14,1,0,11,39,0.18,0.237,0.23,0.467,28,0.214,14,37,7,2,9,3,0,2,
187,Kiké Hernández,31,LAD,0.5,54,185,168,19,44,12,0,5,30,1,0,12,29,0.262,0.308,0.423,0.731,97,0.315,92,71,6,1,0,4,1,45736/8H9,
188,DJ Stewart*,29,NYM,0.4,58,185,160,21,39,9,0,11,26,1,1,15,56,0.244,0.333,0.506,0.84,129,0.356,127,81,3,7,1,1,0,9/HD7,
189,Jake Alu*,26,WSN,-0.1,51,175,159,14,36,2,1,2,16,5,1,10,42,0.226,0.282,0.289,0.571,60,0.275,67,46,2,3,1,2,0,74/5H,
190,Luis Campusano,24,SDP,1.1,49,174,163,27,52,7,0,7,30,0,0,7,21,0.319,0.356,0.491,0.847,131,0.367,133,80,8,3,0,1,0,2/DH,
191,Blake Perkins#,26,MIL,1.1,67,168,143,28,31,7,0,4,20,5,2,23,46,0.217,0.325,0.35,0.675,85,0.303,84,50,3,0,2,0,0,98H7/D,
192,Johan Rojas,22,PHI,2.4,59,164,149,24,45,9,2,2,23,14,1,5,42,0.302,0.342,0.43,0.771,110,0.347,105,64,1,4,6,0,0,8H/D,
193,Riley Adams,27,WSN,1.1,44,158,143,8,39,13,2,4,21,0,0,11,45,0.273,0.331,0.476,0.807,121,0.345,119,68,5,2,1,1,0,2/HD,
194,Rougned Odor*,29,SDP,-0.3,59,157,138,21,28,9,0,4,18,2,1,17,37,0.203,0.299,0.355,0.654,80,0.296,83,49,2,2,0,0,0,4H/59D3,
195,Miguel Amaya,24,CHC,0.3,53,156,131,17,28,4,0,5,18,0,0,12,40,0.214,0.329,0.359,0.688,90,0.31,92,47,2,11,1,1,0,2/DH,
196,Austin Nola,33,SDP,-0.6,52,154,130,9,19,3,0,1,8,0,0,18,31,0.146,0.26,0.192,0.452,28,0.225,30,25,5,2,4,0,0,2/H,
197,Nelson Cruz,42,SDP,-0.4,49,152,143,9,35,5,1,5,23,1,0,6,46,0.245,0.283,0.399,0.681,86,0.297,81,57,2,2,0,1,1,DH/3,
198,Corey Dickerson*,34,WSN,-0.6,50,152,144,12,36,7,1,2,17,0,1,7,28,0.25,0.283,0.354,0.637,76,0.279,75,51,3,0,0,1,0,7/HD9,
199,Michael Toglia#,24,COL,-1.5,45,152,141,18,23,5,0,4,9,1,1,10,50,0.163,0.224,0.284,0.507,31,0.23,23,40,3,1,0,0,0,39/H7D,
200,Jose Barrero,25,CIN,-0.5,46,149,133,15,29,8,0,2,17,3,2,15,44,0.218,0.295,0.323,0.619,66,0.273,59,43,1,0,0,1,0,68/HD,
201,Miles Mastrobuoni*,27,CHC,0.6,60,149,133,24,32,5,0,1,5,13,1,13,32,0.241,0.308,0.301,0.609,70,0.291,66,40,1,0,3,0,0,5H/49D617,
202,Kody Clemens*,27,PHI,0,47,148,139,15,32,7,0,4,13,0,0,8,40,0.23,0.277,0.367,0.644,75,0.279,68,51,1,1,0,0,0,3/H1D69,
203,Omar Narváez*,31,NYM,-0.1,49,146,128,12,27,5,0,2,7,0,0,14,27,0.211,0.283,0.297,0.58,62,0.266,62,38,1,0,1,3,0,2/H,
204,Austin Wynns,32,3TM,-0.1,51,145,130,11,27,6,0,1,10,1,0,9,39,0.208,0.268,0.277,0.545,44,0.255,39,36,4,2,3,1,0,2/H,
204,Austin Wynns,32,SFG,0,1,2,2,0,0,0,0,0,0,0,0,0,2,0,0,0,0,-100,0,-125,0,0,0,0,0,0,/2,
204,Austin Wynns,32,LAD,0.1,5,12,11,0,2,1,0,0,2,0,0,1,5,0.182,0.25,0.273,0.523,43,0.236,36,3,0,0,0,0,0,/2,
204,Austin Wynns,32,COL,-0.2,45,131,117,11,25,5,0,1,8,1,0,8,32,0.214,0.273,0.282,0.555,46,0.261,41,33,4,2,3,1,0,2/H,
205,Wil Myers,32,CIN,-0.6,37,141,127,11,24,3,0,3,12,2,1,12,48,0.189,0.257,0.283,0.541,45,0.243,36,36,3,0,1,1,0,93/DH,
206,David Villar,26,SFG,-0.4,46,140,124,15,18,6,0,5,12,1,1,11,45,0.145,0.236,0.315,0.55,52,0.249,52,39,1,4,0,1,0,45/3HD1,
207,Matthew Batten,28,SDP,0.3,43,139,120,19,31,6,0,2,11,2,2,17,30,0.258,0.355,0.358,0.713,98,0.316,99,43,0,1,1,0,0,45/3H6D,
208,Masyn Winn,21,STL,-0.6,37,137,122,8,21,2,0,2,12,2,1,10,26,0.172,0.23,0.238,0.467,28,0.224,27,29,1,0,2,3,0,6,
209,Mike Moustakas*,34,COL,0.4,47,136,115,21,31,7,0,4,17,0,0,17,34,0.27,0.36,0.435,0.795,107,0.342,102,50,1,1,0,3,1,3H5/D,
210,Rafael Ortega*,32,NYM,0.2,47,136,114,16,25,3,0,1,8,6,1,20,33,0.219,0.341,0.272,0.613,74,0.303,83,31,0,1,1,0,0,87/H9D,
211,Amed Rosario,27,LAD,0.8,48,133,125,19,32,6,2,3,18,6,2,7,22,0.256,0.301,0.408,0.709,91,0.319,93,51,4,1,0,0,0,46H/D,
212,Brett Wisely*,24,SFG,-0.2,51,131,120,10,21,5,0,2,8,2,1,9,40,0.175,0.231,0.267,0.497,38,0.219,29,32,2,0,1,1,0,48/H167,
213,Nick Gonzales,24,PIT,-0.2,35,128,115,12,24,8,1,2,13,0,1,6,36,0.209,0.268,0.348,0.616,66,0.261,55,40,0,4,1,2,0,4/6H,
214,Víctor Robles,26,WSN,0,36,126,107,15,32,5,1,0,8,8,1,11,18,0.299,0.385,0.364,0.75,111,0.356,120,39,3,4,4,0,0,8,
215,Garrett Stubbs*,30,PHI,0.1,41,125,113,15,23,4,1,1,12,2,0,9,29,0.204,0.274,0.283,0.557,53,0.259,51,32,0,2,1,0,0,2/H7,
216,Tucker Barnhart*,32,CHC,-0.5,43,123,109,6,22,3,0,1,9,1,0,12,42,0.202,0.285,0.257,0.541,52,0.252,50,28,4,1,0,1,0,2/1H,
217,Noelvi Marté,21,CIN,0.8,35,123,114,15,36,7,0,3,15,6,2,8,25,0.316,0.366,0.456,0.822,118,0.355,115,52,1,1,0,0,0,5/6HD4,
218,Alfonso Rivas III*,26,2TM,0.3,48,123,109,8,25,10,1,3,15,1,0,9,36,0.229,0.303,0.422,0.725,95,0.313,90,46,1,3,1,1,0,3/H7,
218,Alfonso Rivas III*,26,SDP,0,8,17,15,2,3,2,0,0,1,0,0,2,7,0.2,0.294,0.333,0.627,73,0.28,71,5,0,0,0,0,0,/3H,
218,Alfonso Rivas III*,26,PIT,0.3,40,106,94,6,22,8,1,3,14,1,0,7,29,0.234,0.305,0.436,0.741,98,0.319,93,41,1,3,1,1,0,3/H7,
219,Jacob Young,23,WSN,0.6,33,121,107,9,27,7,1,0,12,13,0,10,22,0.252,0.322,0.336,0.658,84,0.316,80,36,2,1,3,0,0,8/DH,
220,Eduardo Escobar#,34,NYM,0.1,40,120,110,15,26,3,2,4,16,2,0,8,24,0.236,0.286,0.409,0.695,90,0.309,90,45,4,0,1,1,0,5/4HD6,
221,Luis Guillorme*,28,NYM,-0.1,54,120,107,12,24,6,1,1,9,0,0,10,28,0.224,0.288,0.327,0.615,71,0.268,63,35,4,0,2,1,1,45/6H1,
222,José Herrera#,26,ARI,-0.2,41,120,101,15,21,5,0,0,7,1,0,13,30,0.208,0.296,0.257,0.553,53,0.26,50,26,2,0,5,1,0,2/1H,
223,Avisaíl García,32,MIA,-0.6,37,118,108,8,20,3,1,3,12,2,0,6,39,0.185,0.241,0.315,0.556,47,0.244,32,34,1,2,0,0,1,97/HD8,
224,Jiman Choi*,32,2TM,-0.4,39,117,104,12,17,5,0,6,13,0,0,10,35,0.163,0.239,0.385,0.624,67,0.266,58,40,2,1,0,2,0,D3/H,
224,Jiman Choi*,32,PIT,0,23,76,73,9,15,4,0,6,11,0,0,2,27,0.205,0.224,0.507,0.731,90,0.299,80,37,1,0,0,1,0,D/3H,
224,Jiman Choi*,32,SDP,-0.4,16,41,31,3,2,1,0,0,2,0,0,8,8,0.065,0.268,0.097,0.365,8,0.206,18,3,1,1,0,1,0,3/DH,
225,Josh Harrison,35,PHI,-0.6,40,114,103,8,21,3,0,2,10,0,0,3,20,0.204,0.263,0.291,0.554,52,0.256,52,30,2,6,0,2,0,5H4/719D,
226,Alika Williams,24,PIT,-0.3,46,112,101,7,20,5,0,0,6,0,0,9,35,0.198,0.27,0.248,0.518,42,0.237,35,25,2,1,1,0,0,6/H,
227,Ronny Mauricio#,22,NYM,0.2,26,108,101,11,25,4,0,2,9,7,0,7,31,0.248,0.296,0.347,0.643,78,0.299,75,35,2,0,0,0,0,Apr-56,
228,Jace Peterson*,33,ARI,-0.8,41,106,93,5,17,3,2,0,9,4,1,11,24,0.183,0.276,0.258,0.534,47,0.253,45,24,1,1,1,0,1,5H/D34,
229,Jonathan Davis,31,MIA,0,34,104,90,22,22,4,1,2,10,1,2,7,29,0.244,0.307,0.378,0.685,81,0.305,85,34,1,2,2,2,0,8/H97,
230,José Azócar,27,SDP,0.1,55,102,91,16,21,6,0,2,9,8,2,4,24,0.231,0.278,0.363,0.641,75,0.295,74,33,2,2,5,0,0,98H/7D,
231,Dominic Fletcher*,25,ARI,0.7,28,102,93,10,28,5,1,2,14,0,2,7,22,0.301,0.35,0.441,0.791,114,0.328,109,41,0,0,2,0,1,89/7H,
232,Richie Palacios*,26,STL,0.6,32,102,93,9,24,6,0,6,16,2,0,6,11,0.258,0.307,0.516,0.823,119,0.354,118,48,1,1,1,1,0,7/8HD94,
233,Eric Hosmer*,33,CHC,-0.4,31,100,94,7,22,3,0,2,14,0,0,6,25,0.234,0.28,0.33,0.61,68,0.268,62,31,5,0,0,0,0,3D/H,
234,Luken Baker,26,STL,-0.4,33,99,86,9,18,3,0,2,10,0,0,13,31,0.209,0.313,0.314,0.627,72,0.295,78,27,1,0,0,0,0,D3/H,
235,Matt Mervis*,25,CHC,-0.4,27,99,90,8,15,2,0,3,11,0,0,8,32,0.167,0.242,0.289,0.531,46,0.249,48,26,1,1,0,0,0,3/H,
236,Curt Casali,34,CIN,0.1,40,96,80,8,14,2,0,0,6,0,0,11,23,0.175,0.29,0.2,0.49,35,0.249,39,16,1,2,3,0,0,Feb-35,
237,Michael Chavis,27,WSN,0.5,48,96,91,16,22,3,0,2,5,1,0,5,33,0.242,0.281,0.341,0.622,72,0.274,67,31,3,0,0,0,0,4H/35D79,
238,Joey Bart,26,SFG,-0.4,30,95,87,9,18,5,0,0,5,0,0,3,23,0.207,0.263,0.264,0.528,48,0.237,42,23,0,4,0,1,0,2/H,
239,Cristian Pache,24,PHI,0.7,48,95,84,12,20,7,1,2,11,2,3,10,27,0.238,0.319,0.417,0.736,100,0.318,104,35,1,0,1,0,0,78H/9D,
240,Carter Kieboom,25,WSN,-0.1,27,94,87,12,18,2,0,4,11,0,0,6,27,0.207,0.266,0.368,0.634,74,0.275,70,32,2,1,0,0,0,5/HD,
241,Carson Kelly,28,ARI,-0.1,32,92,84,6,19,3,0,1,6,1,0,7,23,0.226,0.283,0.298,0.58,59,0.261,52,25,2,0,0,1,0,1-Feb,
242,Miguel Andujar,28,PIT,0.1,30,90,84,9,21,7,0,4,18,2,0,6,13,0.25,0.3,0.476,0.776,106,0.345,109,40,1,0,0,0,0,9/HD7,
243,Trayce Thompson,32,LAD,-0.3,36,87,71,12,11,0,0,5,14,0,0,15,37,0.155,0.31,0.366,0.677,84,0.305,85,26,0,1,0,0,0,8H7/9D,
244,Brandon Dixon,31,SDP,-0.3,33,86,79,10,16,4,0,2,9,1,0,1,31,0.203,0.244,0.329,0.573,57,0.251,49,26,1,4,0,2,0,3/9HD71,
245,Henry Ramos#,31,CIN,0.1,23,86,74,9,18,3,1,0,5,2,1,11,21,0.243,0.349,0.311,0.66,79,0.301,79,23,2,1,0,0,0,9/D7H,
246,Brett Sullivan*,29,SDP,0,33,86,81,7,17,3,0,1,6,0,0,4,19,0.21,0.244,0.284,0.528,46,0.232,37,23,1,0,0,1,0,2/H5,
247,Xavier Edwards#,23,MIA,0.1,30,84,78,12,23,3,0,0,3,5,0,3,14,0.295,0.329,0.333,0.663,77,0.317,78,26,1,1,2,0,0,4/H8D,
248,Taylor Motter,33,STL,-0.6,29,82,76,3,13,3,0,0,2,0,0,5,31,0.171,0.232,0.211,0.442,22,0.204,13,16,0,1,0,0,0,45/6H39D,
249,Michael Busch*,25,LAD,-0.4,27,81,72,9,12,3,0,2,7,1,0,8,27,0.167,0.247,0.292,0.539,46,0.244,40,21,0,0,0,1,0,5/D3H47,
250,Yonathan Daza,29,COL,-0.4,24,80,74,8,20,6,0,0,7,1,0,3,13,0.27,0.304,0.351,0.655,71,0.286,59,26,5,1,1,1,0,8/H9,
251,Vaughn Grissom,22,ATL,-0.7,23,80,75,5,21,3,1,0,9,0,1,2,15,0.28,0.313,0.347,0.659,79,0.285,74,26,2,2,0,1,0,6/4H,
252,Nick Martini*,33,CIN,0.2,29,79,72,10,19,3,1,6,16,0,0,5,15,0.264,0.329,0.583,0.912,137,0.382,135,42,1,2,0,0,0,7HD/39,
253,Mike Brosseau,29,MIL,-0.3,29,78,73,4,15,2,0,4,8,0,0,4,20,0.205,0.256,0.397,0.654,75,0.278,67,29,2,1,0,0,0,5/H31D4,
254,Sam Hilliard*,29,ATL,0.2,40,78,72,15,17,5,0,3,6,4,0,6,33,0.236,0.295,0.431,0.725,94,0.324,89,31,1,0,0,0,0,8H/79D,
255,Hunter Goodman,23,COL,-0.5,23,77,70,6,14,4,3,1,17,1,0,5,24,0.2,0.247,0.386,0.632,62,0.268,47,27,2,0,0,2,0,9/3DH,
256,Luke Voit,32,MIL,-0.3,22,74,68,5,15,3,0,0,4,2,0,4,27,0.221,0.284,0.265,0.548,52,0.269,57,18,3,2,0,0,0,3D/H,
257,Garrett Mitchell*,24,MIL,0.6,19,73,65,10,16,2,1,3,7,1,1,7,26,0.246,0.315,0.446,0.761,105,0.334,110,29,0,0,0,1,0,8/H,
258,Nicky Lopez*,28,ATL,0.8,25,72,65,13,18,3,0,1,12,2,0,5,10,0.277,0.333,0.369,0.703,91,0.33,98,24,0,1,0,1,0,4/6135H,
259,Mark Mathias,28,2TM,-0.3,27,72,62,6,14,2,0,0,6,3,0,10,15,0.226,0.333,0.258,0.591,65,0.312,84,16,4,0,0,0,0,4/H9D,
259,Mark Mathias,28,PIT,-0.2,22,62,52,5,12,2,0,0,4,3,0,10,11,0.231,0.355,0.269,0.624,74,0.333,97,14,3,0,0,0,0,4/H9D,
259,Mark Mathias,28,SFG,-0.1,5,10,10,1,2,0,0,0,2,0,0,0,4,0.2,0.2,0.2,0.4,12,0.179,2,2,1,0,0,0,0,/4H,
260,Dane Myers,27,MIA,-0.4,22,70,67,9,18,3,0,1,9,1,1,2,19,0.269,0.286,0.358,0.644,70,0.271,59,24,1,0,0,1,0,8/7DH,
261,Josh Donaldson,37,MIL,0.1,17,69,59,5,10,4,0,3,11,0,0,10,18,0.169,0.29,0.39,0.68,84,0.297,81,23,4,0,0,0,0,5/D,
262,Danny Mendick,29,NYM,-0.9,33,69,65,4,12,3,0,1,4,1,0,4,15,0.185,0.232,0.277,0.509,41,0.226,31,18,1,0,0,0,0,4/5H7D1,
263,Luis Urías,26,MIL,-0.2,20,68,55,5,8,2,0,1,5,0,0,7,15,0.145,0.299,0.236,0.535,50,0.261,54,13,1,5,0,0,0,45/H,
264,Tim Locastro,30,NYM,0.4,43,67,56,13,13,3,0,2,3,6,0,3,22,0.232,0.338,0.393,0.731,102,0.362,116,22,0,6,2,0,0,7H/8D9,
265,Jonathan Araúz#,24,NYM,-0.3,27,66,59,3,8,0,0,3,9,0,0,5,18,0.136,0.203,0.288,0.491,34,0.217,25,17,1,0,2,0,0,5/46H,
266,Jason Vosler*,29,CIN,-0.4,20,65,62,6,10,2,1,3,10,0,0,3,25,0.161,0.2,0.371,0.571,48,0.241,35,23,0,0,0,0,0,3/51H,
267,Juan Yepez,25,STL,-0.8,28,65,60,5,11,1,0,2,2,0,1,4,20,0.183,0.246,0.3,0.546,48,0.235,41,18,0,1,0,0,0,DH/79,
268,Wade Meckler*,23,SFG,0,20,64,56,6,13,1,0,0,4,0,0,6,25,0.232,0.328,0.25,0.578,65,0.271,67,14,0,2,0,0,0,8/H7,
269,José Fermín,24,STL,0.1,21,61,51,2,12,1,0,0,4,0,1,6,8,0.235,0.339,0.255,0.594,66,0.271,66,13,1,2,2,0,0,4/5HD,
270,Tomás Nido,29,NYM,-0.7,22,61,56,5,7,0,0,0,1,0,0,2,18,0.125,0.153,0.125,0.278,-21,0.127,-42,7,2,0,2,1,0,2/H,
271,Raimel Tapia*,29,MIL,-0.7,20,61,52,10,9,0,0,2,3,2,1,6,20,0.173,0.267,0.288,0.555,52,0.247,45,15,1,1,1,1,0,9/H78,
272,Heliot Ramos,23,SFG,-0.3,25,60,56,5,10,4,0,1,2,0,0,4,20,0.179,0.233,0.304,0.537,48,0.25,52,17,1,0,0,0,0,79/H8D,
273,Darin Ruf,36,2TM,-0.2,20,57,49,3,11,3,0,0,3,0,0,8,16,0.224,0.333,0.286,0.619,74,0.287,76,14,0,0,0,0,0,D/H3,
273,Darin Ruf,36,SFG,0,9,27,23,1,6,2,0,0,3,0,0,4,9,0.261,0.37,0.348,0.718,102,0.328,107,8,0,0,0,0,0,/DH,
273,Darin Ruf,36,MIL,-0.2,11,30,26,2,5,1,0,0,0,0,0,4,7,0.192,0.3,0.231,0.531,49,0.251,48,6,0,0,0,0,0,/D3H,
274,Darick Hall*,27,PHI,-0.7,18,56,54,2,9,1,0,1,3,0,0,2,18,0.167,0.196,0.241,0.437,19,0.195,8,13,2,0,0,0,0,3/H,
275,Kyle Lewis,27,ARI,-0.6,16,54,51,2,8,2,0,1,2,0,0,3,21,0.157,0.204,0.255,0.459,24,0.201,11,13,0,0,0,0,0,D/H7,
276,Derek Hill,27,WSN,-0.3,13,50,47,3,8,1,0,0,1,1,0,3,11,0.17,0.22,0.191,0.411,17,0.209,19,9,0,0,0,0,0,8,
277,Bryce Johnson#,27,SFG,-0.2,30,48,43,7,7,1,0,1,3,3,0,4,15,0.163,0.229,0.256,0.485,35,0.23,27,11,0,0,0,1,0,8/H7,
278,Jared Young*,27,CHC,-0.1,16,47,43,8,8,0,3,2,8,2,0,3,13,0.186,0.255,0.465,0.72,93,0.345,110,20,1,1,0,0,0,3/DH,
279,Jonny DeLuca,24,LAD,0.3,24,45,42,5,11,1,0,2,6,1,0,3,8,0.262,0.311,0.429,0.74,99,0.318,91,18,0,0,0,0,0,H/789D,
280,Marco Luciano,21,SFG,0.1,14,45,39,4,9,3,0,0,0,1,0,6,17,0.231,0.333,0.308,0.641,81,0.296,81,12,0,0,0,0,0,6/D,
281,Iván Herrera,23,STL,0.3,13,44,37,6,11,2,0,0,4,0,0,5,11,0.297,0.409,0.351,0.76,111,0.348,116,13,1,2,0,0,0,2,
282,TJ Hopkins,26,CIN,-0.3,25,44,41,7,7,0,0,0,1,1,0,2,17,0.171,0.227,0.171,0.398,9,0.194,-2,7,1,1,0,0,0,H/9D7,
283,Hunter Renfroe,31,CIN,-0.6,14,44,39,4,5,0,0,1,4,0,0,5,12,0.128,0.227,0.205,0.432,17,0.206,10,8,0,0,0,0,0,/D9H,
284,Sean Bouchard,27,COL,0.7,21,43,38,11,12,2,0,4,7,0,1,4,14,0.316,0.372,0.684,1.056,167,0.458,193,26,0,0,0,1,0,9/H7D,
285,Dominic Canzone*,25,ARI,-0.2,15,41,38,4,9,2,0,1,8,0,0,2,8,0.237,0.293,0.368,0.661,79,0.292,76,14,1,1,0,0,0,/DH9,
286,Coco Montes,26,COL,-0.3,18,41,38,3,7,2,0,1,3,0,0,2,12,0.184,0.244,0.316,0.56,45,0.246,33,12,0,1,0,0,0,4/5H6,
287,Oneil Cruz*,24,PIT,0.1,9,40,32,7,8,1,0,1,4,3,0,7,8,0.25,0.375,0.375,0.75,105,0.35,105,12,0,0,0,1,0,/6,
288,Travis Blankenhorn*,26,WSN,-0.1,10,37,31,2,5,0,0,1,1,0,0,6,6,0.161,0.297,0.258,0.555,57,0.264,61,8,0,0,0,0,0,/79,
289,Peyton Burdick,26,MIA,0,14,37,33,4,6,2,0,1,2,1,0,3,18,0.182,0.27,0.333,0.604,60,0.276,55,11,0,1,0,0,0,9/8H7,
290,Eguy Rosario,23,SDP,0.4,11,37,36,6,9,1,1,2,6,0,0,1,12,0.25,0.27,0.5,0.77,106,0.342,115,18,1,0,0,0,0,5/H4,
291,Canaan Smith-Njigba*,24,PIT,-0.2,15,37,32,3,4,1,1,0,5,1,0,4,16,0.125,0.216,0.219,0.435,19,0.23,27,7,1,0,0,1,0,9/H7,
292,Blake Rutherford*,26,WSN,-0.2,16,36,35,4,6,0,0,0,2,0,0,1,10,0.171,0.194,0.171,0.366,4,0.191,10,6,1,0,0,0,0,7/H,
293,Harrison Bader,29,CIN,-0.3,14,34,31,4,5,1,0,0,3,3,1,3,3,0.161,0.235,0.194,0.429,17,0.21,9,6,1,0,0,0,0,8/HD,
294,Tyler Fitzgerald,25,SFG,0.2,10,34,32,3,7,2,0,2,5,2,0,2,10,0.219,0.265,0.469,0.733,99,0.323,94,15,0,0,0,0,0,/85,
295,Jordan Lawlar,20,ARI,-0.2,14,34,31,2,4,0,0,0,0,1,1,2,11,0.129,0.206,0.129,0.335,-5,0.178,1,4,0,1,0,0,0,6/H,
296,Edwin Ríos*,29,CHC,-0.3,18,34,28,3,2,1,0,1,2,0,0,5,16,0.071,0.235,0.214,0.45,26,0.219,27,6,0,1,0,0,0,D/H5,
297,Kolten Wong*,32,LAD,0.4,20,34,30,4,9,0,0,2,8,2,1,2,7,0.3,0.353,0.5,0.853,129,0.363,128,15,1,1,0,1,0,H4/D,
298,Drew Millas#,25,WSN,0.3,11,33,28,1,8,2,0,1,6,0,0,4,5,0.286,0.375,0.464,0.839,132,0.367,136,13,2,0,1,0,0,2/H,
299,Jorge Alfaro,30,COL,-0.4,10,32,31,2,5,4,0,1,4,0,0,0,12,0.161,0.188,0.387,0.575,44,0.239,29,12,2,1,0,0,0,/DH2,
300,Óscar Mercado,28,STL,-0.2,20,32,31,3,9,3,0,0,5,2,1,1,4,0.29,0.313,0.387,0.7,90,0.33,105,12,0,0,0,0,0,/978DH,
301,Jon Singleton*,31,MIL,-0.4,11,32,29,3,3,1,0,0,2,0,0,3,11,0.103,0.188,0.138,0.325,-9,0.157,-19,4,0,0,0,0,0,/3DH,
302,Nelson Velázquez,24,CHC,0,13,32,29,8,7,2,0,3,6,0,0,3,8,0.241,0.313,0.621,0.933,149,0.384,145,18,1,0,0,0,0,/D9H87,
303,Drew Ellis,27,PHI,0.2,12,29,23,4,5,0,0,2,4,0,1,6,7,0.217,0.379,0.478,0.858,133,0.381,153,11,0,0,0,0,0,/35H,
304,Buddy Kennedy,24,ARI,0,10,29,24,1,4,1,0,0,1,0,0,4,6,0.167,0.31,0.208,0.519,46,0.254,49,5,0,1,0,0,0,/5HD4,
305,Dalton Guthrie,27,PHI,0.2,23,28,24,4,4,1,0,0,0,0,0,3,7,0.167,0.286,0.208,0.494,39,0.241,41,5,0,1,0,0,0,7/8H95,
306,Yonny Hernández#,25,LAD,-0.1,14,27,22,5,3,1,0,0,4,0,0,2,8,0.136,0.231,0.182,0.413,15,0.198,6,4,0,1,1,1,0,/4H51,
307,Chris Owings,31,PIT,-0.3,10,25,25,0,4,0,0,0,0,0,0,0,12,0.16,0.16,0.16,0.32,-12,0.14,-33,4,1,0,0,0,0,18-Jun,
308,Brian Serven,28,COL,-0.4,11,23,23,0,3,1,0,0,1,0,0,0,10,0.13,0.13,0.174,0.304,-21,0.132,-48,4,0,0,0,0,0,2/HD,
309,Luis Torrens,27,CHC,-0.1,13,22,20,1,5,1,0,0,3,0,0,1,8,0.25,0.318,0.3,0.618,73,0.28,71,6,0,1,0,0,0,/DH27,
310,Weston Wilson,28,PHI,0.2,8,22,16,5,5,0,0,1,2,3,1,6,5,0.313,0.5,0.5,1,176,0.445,181,8,0,0,0,0,0,/7H3459,
311,Vinny Capra,26,PIT,-0.1,9,21,18,3,3,1,0,0,1,0,0,2,5,0.167,0.25,0.222,0.472,30,0.221,21,4,0,0,1,0,0,/54H,
312,Isan Díaz*,27,SFG,-0.1,6,21,19,0,1,0,0,0,1,0,0,2,7,0.053,0.143,0.053,0.195,-42,0.109,-49,1,0,0,0,0,0,/45,
313,Juniel Querecuto#,30,STL,-0.3,9,21,20,2,2,1,0,0,0,0,0,1,6,0.1,0.143,0.15,0.293,-20,0.13,-39,3,0,0,0,0,0,/534H,
314,Abraham Toro#,26,MIL,0.3,9,21,18,4,8,0,0,2,9,0,0,2,5,0.444,0.524,0.778,1.302,250,0.546,258,14,0,1,0,0,0,/5H3D,
315,Johan Camargo#,29,SFG,-0.2,8,20,18,0,4,0,0,0,2,0,0,1,4,0.222,0.3,0.222,0.522,49,0.251,52,4,2,1,0,0,0,/65,
316,Pete Crow-Armstrong*,21,CHC,-0.1,13,19,14,3,0,0,0,0,1,2,2,3,7,0,0.176,0,0.176,-45,0.092,-56,0,0,0,2,0,0,8/H,
317,Luke Williams,26,2TM,-0.3,11,19,19,1,1,0,0,0,0,4,0,0,7,0.053,0.053,0.053,0.105,-71,0.092,-101,1,0,0,0,0,0,/H65137D,
317,Luke Williams,26,LAD,-0.2,4,10,10,0,1,0,0,0,0,1,0,0,3,0.1,0.1,0.1,0.2,-45,0.104,-74,1,0,0,0,0,0,/61H,
317,Luke Williams,26,ATL,-0.2,7,9,9,1,0,0,0,0,0,3,0,0,4,0,0,0,0,-100,0.079,-131,0,0,0,0,0,0,/H537D,
318,Alexander Canario,23,CHC,0,6,17,17,1,5,1,1,1,6,0,0,0,8,0.294,0.294,0.647,0.941,150,0.386,147,11,0,0,0,0,0,/DH789,
319,Roberto Pérez,34,SFG,-0.1,5,17,15,0,2,0,0,0,1,0,0,2,6,0.133,0.235,0.133,0.369,7,0.188,7,2,0,0,0,0,0,/2,
320,Eli White,29,ATL,0,6,17,14,1,1,0,0,0,0,0,0,2,7,0.071,0.235,0.071,0.307,-10,0.178,-6,1,0,1,0,0,0,/8H,
321,Seby Zavala,29,ARI,0.1,7,17,14,2,5,1,0,0,2,0,0,2,2,0.357,0.471,0.429,0.899,148,0.409,159,6,0,1,0,0,0,/21H,
322,Abraham Almonte#,34,NYM,-0.3,8,16,15,1,1,1,0,0,0,0,0,1,8,0.067,0.125,0.133,0.258,-28,0.121,-42,2,0,0,0,0,0,/HD79,
323,Chadwick Tromp,28,ATL,-0.2,6,16,16,1,2,1,0,0,1,0,0,0,7,0.125,0.125,0.188,0.313,-17,0.133,-38,3,0,0,0,0,0,/2,
324,Ben Gamel*,31,SDP,-0.2,6,15,15,2,3,1,0,0,2,0,0,0,2,0.2,0.2,0.267,0.467,28,0.196,11,4,0,0,0,0,0,/7H9D,
325,Forrest Wall*,27,ATL,0.3,15,15,13,6,6,2,0,1,2,5,1,2,4,0.462,0.533,0.846,1.379,267,0.602,266,11,0,0,0,0,0,/H7D89,
326,Taylor Kohlwey*,28,SDP,-0.2,5,13,13,0,2,0,0,0,0,0,0,0,5,0.154,0.154,0.154,0.308,-14,0.131,-35,2,0,0,0,0,0,/79DH,
327,Irving López*,28,STL,-0.4,5,12,11,0,0,0,0,0,1,0,0,0,5,0,0,0,0,-100,0,-131,0,0,0,0,1,0,/54H,
328,Cal Stevenson*,26,SFG,0,6,12,9,1,0,0,0,0,0,0,0,3,2,0,0.25,0,0.25,-21,0.25,52,0,0,0,0,0,0,/8,
329,Ehire Adrianza#,33,ATL,-0.3,5,11,10,0,0,0,0,0,0,0,0,1,4,0,0.091,0,0.091,-72,0.064,-88,0,0,0,0,0,0,/6H,
330,Jahmai Jones,25,MIL,0,7,11,10,2,2,1,0,0,3,1,0,1,5,0.2,0.273,0.3,0.573,57,0.361,111,3,0,0,0,0,0,/DH4,
331,Tyler Heineman#,32,PIT,-0.1,3,10,9,1,1,0,0,0,0,1,0,1,1,0.111,0.2,0.111,0.311,-12,0.183,-18,1,0,0,0,0,0,/2,
332,Cole Tucker#,26,COL,0,5,10,8,2,4,0,0,0,2,0,0,1,2,0.5,0.6,0.5,1.1,193,0.492,209,4,0,1,0,0,0,/H89D,
333,Jacob Amaya,24,MIA,0,4,9,9,1,2,0,0,0,2,1,0,0,1,0.222,0.222,0.222,0.444,19,0.226,6,2,0,0,0,0,0,/64,
334,David Dahl*,29,SDP,0,4,9,9,1,1,0,0,1,1,0,0,0,2,0.111,0.111,0.444,0.556,43,0.22,28,4,0,0,0,0,0,/9H,
335,Jeter Downs,24,WSN,0.1,6,9,5,4,2,0,0,0,1,2,0,4,1,0.4,0.667,0.4,1.067,209,0.563,238,2,0,0,0,0,0,/64H,
336,Michael Pérez*,30,NYM,0.3,3,8,8,1,4,1,0,0,0,0,0,0,1,0.5,0.5,0.625,1.125,210,0.479,214,5,0,0,0,0,0,/2,
337,Adam Engel,31,SDP,-0.3,5,6,6,0,0,0,0,0,0,0,1,0,2,0,0,0,0,-100,-0.084,-128,0,0,0,0,0,0,/8H7,
338,Drew Maggi,34,PIT,0,3,6,6,1,2,1,0,0,1,0,0,0,1,0.333,0.333,0.5,0.833,122,0.355,121,3,0,0,0,0,0,/5HD,
339,Jake Marisnick,32,LAD,0,4,6,5,0,2,0,0,0,0,0,1,0,0,0.4,0.5,0.4,0.9,151,0.336,169,2,0,1,0,0,0,/8H,
340,AJ Pollock,35,SFG,-0.3,5,6,6,0,0,0,0,0,0,0,0,0,2,0,0,0,0,-100,0,-128,0,0,0,0,0,0,/789,
341,Michael Siani*,23,2TM,-0.3,8,6,5,1,0,0,0,0,0,1,1,1,1,0,0.167,0,0.167,-49,0.072,-46,0,0,0,0,0,0,/8HD7,
341,Michael Siani*,23,CIN,-0.1,3,1,0,1,0,0,0,0,0,0,1,1,0,,1,,,,0.195,367,0,0,0,0,0,0,/78H,
341,Michael Siani*,23,STL,-0.2,5,5,5,0,0,0,0,0,0,1,0,0,1,0,0,0,0,-100,0.047,-128,0,0,0,0,0,0,/8DH,
342,Matt Beaty*,30,SFG,-0.1,4,5,5,1,1,0,0,0,1,0,0,0,2,0.2,0.2,0.2,0.4,12,0.179,2,1,0,0,0,0,0,/DH1,
343,Calvin Mitchell*,24,PIT,-0.1,2,5,4,0,0,0,0,0,0,0,0,1,1,0,0.2,0,0.2,-38,0.14,-32,0,0,0,0,0,0,/9H,
344,Matt Reynolds,32,CIN,-0.1,2,5,5,1,1,0,0,0,0,0,0,0,3,0.2,0.2,0.2,0.4,8,0.179,-8,1,0,0,0,0,0,/53,
345,Connor Kaiser,26,COL,-0.1,3,4,4,0,0,0,0,0,0,0,0,0,2,0,0,0,0,-100,0,-140,0,0,0,0,0,0,/6H,
346,Braden Shewmake*,25,ATL,-0.1,2,4,4,0,0,0,0,0,0,0,0,0,1,0,0,0,0,-100,0,-131,0,0,0,0,0,0,/6,
347,Tres Barrera,28,STL,0,6,2,2,0,0,0,0,0,0,0,0,0,0,0,0,0,0,-100,0,-129,0,0,0,0,0,0,/2H,
348,Alejo López#,27,CIN,0.2,1,2,2,1,1,1,0,0,1,0,0,0,1,0.5,0.5,1,1.5,287,0.618,300,2,0,0,0,0,0,/4,
349,Adam Wainwright,41,STL,0,2,2,2,0,0,0,0,0,0,0,0,0,1,0,0,0,0,-100,0,-129,0,0,0,0,0,0,1/HD,
350,Diego Castillo,25,ARI,0,1,1,1,0,0,0,0,0,0,0,0,0,0,0,0,0,0,-100,0,-133,0,0,0,0,0,0,/H,
351,Charlie Culberson,34,ATL,0,1,1,1,0,1,0,0,0,0,0,0,0,0,1,1,1,2,447,0.803,433,1,0,0,0,0,0,/DH,
352,Michael Fulmer,30,CHC,0,2,1,1,0,0,0,0,0,0,0,0,0,1,0,0,0,0,-100,0,-125,0,0,0,0,0,0,1,
353,Shelby Miller,32,LAD,0,1,1,1,0,0,0,0,0,0,0,0,0,0,0,0,0,0,-100,0,-133,0,0,0,0,0,0,1,
354,Chandler Seagle,27,SDP,0,1,1,1,0,0,0,0,0,0,0,0,0,0,0,0,0,0,-100,0,-125,0,0,0,0,0,0,/DH,
355,Scott Alexander*,33,SFG,0,1,0,0,0,0,0,0,0,0,0,0,0,0,,,,,,,,0,0,0,0,0,0,1,
356,Ryan Brasier,35,LAD,0,1,0,0,0,0,0,0,0,0,0,0,0,0,,,,,,,,0,0,0,0,0,0,1,
357,Génesis Cabrera*,26,STL,0,2,0,0,0,0,0,0,0,0,0,0,0,0,,,,,,,,0,0,0,0,0,0,1,
358,Miguel Castro,28,ARI,0,2,0,0,0,0,0,0,0,0,0,0,0,0,,,,,,,,0,0,0,0,0,0,1,
359,Andrew Chafin,33,ARI,0,3,0,0,0,0,0,0,0,0,0,0,0,0,,,,,,,,0,0,0,0,0,0,1,
360,Alexis Díaz,26,CIN,0,3,0,0,0,0,0,0,0,0,0,0,0,0,,,,,,,,0,0,0,0,0,0,1,AS
361,Camilo Doval,25,SFG,0,2,0,0,0,0,0,0,0,0,0,0,0,0,,,,,,,,0,0,0,0,0,0,1,AS
362,Daniel Duarte,26,CIN,0,2,0,0,0,0,0,0,0,0,0,0,0,0,,,,,,,,0,0,0,0,0,0,1,
363,Buck Farmer*,32,CIN,0,1,0,0,0,0,0,0,0,0,0,0,0,0,,,,,,,,0,0,0,0,0,0,1,
364,Caleb Ferguson,26,LAD,0,2,0,0,0,0,0,0,0,0,0,0,0,0,,,,,,,,0,0,0,0,0,0,1,
365,Luis Frías,25,ARI,0,1,0,0,0,0,0,0,0,0,0,0,0,0,,,,,,,,0,0,0,0,0,0,1,
366,Ian Gibaut,29,CIN,0,1,0,0,0,0,0,0,0,0,0,0,0,0,,,,,,,,0,0,0,0,0,0,1,
367,Kevin Ginkel*,29,ARI,0,1,0,0,0,0,0,0,0,0,0,0,0,0,,,,,,,,0,0,0,0,0,0,1,
368,Victor González*,27,LAD,0,2,0,0,0,0,0,0,0,0,0,0,0,0,,,,,,,,0,0,0,0,0,0,1,
369,Brusdar Graterol,24,LAD,0,1,0,0,0,0,0,0,0,0,0,0,0,0,,,,,,,,0,0,0,0,0,0,1,
370,Josh Hader*,29,SDP,0,1,0,0,0,0,0,0,0,0,0,0,0,0,,,,,,,,0,0,0,0,0,0,1,AS
371,Ryan Helsley,28,STL,0,1,0,0,0,0,0,0,0,0,0,0,0,0,,,,,,,,0,0,0,0,0,0,1,
372,Bryan Hoeing,26,MIA,0,1,0,0,0,0,0,0,0,0,0,0,0,0,,,,,,,,0,0,0,0,0,0,1,
373,Tommy Hunter,36,NYM,0,2,0,0,0,0,0,0,0,0,0,0,0,0,,,,,,,,0,0,0,0,0,0,1,
374,Drey Jameson,25,ARI,0,1,0,0,0,0,0,0,0,0,0,0,0,0,,,,,,,,0,0,0,0,0,0,1,
375,Bryce Jarvis*,25,ARI,0,1,0,0,0,0,0,0,0,0,0,0,0,0,,,,,,,,0,0,0,0,0,0,1,
376,Joe Jiménez,28,ATL,0,1,0,0,0,0,0,0,0,0,0,0,0,0,,,,,,,,0,0,0,0,0,0,1,
377,Pierce Johnson,32,COL,0,1,0,0,0,0,0,0,0,0,0,0,0,0,,,,,,,,0,0,0,0,0,0,1,
378,Jakob Junis,30,SFG,0,1,0,0,0,0,0,0,0,0,0,0,0,0,,,,,,,,0,0,0,0,0,0,1,
379,Karl Kauffmann,25,COL,0,1,0,0,0,0,0,0,0,0,0,0,0,0,,,,,,,,0,0,0,0,0,0,1,
380,Anthony Kay*,28,CHC,0,4,0,0,0,0,0,0,0,0,0,0,0,0,,,,,,,,0,0,0,0,0,0,1,
381,Derek Law,32,CIN,0,1,0,0,0,0,0,0,0,0,0,0,0,0,,,,,,,,0,0,0,0,0,0,1,
382,Justin Lawrence,28,COL,0,1,0,0,0,0,0,0,0,0,0,0,0,0,,,,,,,,0,0,0,0,0,0,1,
383,Mark Leiter Jr.,32,CHC,0,1,0,0,0,0,0,0,0,0,0,0,0,0,,,,,,,,0,0,0,0,0,0,1,
384,Luke Little*,22,CHC,0,1,0,0,0,0,0,0,0,0,0,0,0,0,,,,,,,,0,0,0,0,0,0,/1,
385,Scott McGough,33,ARI,0,2,0,0,0,0,0,0,0,0,0,0,0,0,,,,,,,,0,0,0,0,0,0,1,
386,Julian Merryweather,31,CHC,0,1,0,0,0,0,0,0,0,0,0,0,0,0,,,,,,,,0,0,0,0,0,0,1,
387,James Naile,30,STL,0,1,0,0,0,0,0,0,0,0,0,0,0,0,,,,,,,,0,0,0,0,0,0,1,
388,Andrew Nardi*,24,MIA,0,1,0,0,0,0,0,0,0,0,0,0,0,0,,,,,,,,0,0,0,0,0,0,1,
389,Kyle Nelson*,26,ARI,0,1,0,0,0,0,0,0,0,0,0,0,0,0,,,,,,,,0,0,0,0,0,0,1,
390,Brooks Raley*,35,NYM,0,1,0,0,0,0,0,0,0,0,0,0,0,0,,,,,,,,0,0,0,0,0,0,1,
391,Taylor Rogers*,32,SFG,0,1,0,0,0,0,0,0,0,0,0,0,0,0,,,,,,,,0,0,0,0,0,0,1,
392,Tyler Rogers,32,SFG,0,1,0,0,0,0,0,0,0,0,0,0,0,0,,,,,,,,0,0,0,0,0,0,1,
393,JoJo Romero*,26,STL,0,1,0,0,0,0,0,0,0,0,0,0,0,0,,,,,,,,0,0,0,0,0,0,1,
394,Michael Rucker,29,CHC,0,2,0,0,0,0,0,0,0,0,0,0,0,0,,,,,,,,0,0,0,0,0,0,1,
395,José Ruiz,28,ARI,0,1,0,0,0,0,0,0,0,0,0,0,0,0,,,,,,,,0,0,0,0,0,0,1,
396,Tony Santillan,26,CIN,0,1,0,0,0,0,0,0,0,0,0,0,0,0,,,,,,,,0,0,0,0,0,0,/1,
397,Tayler Scott,31,LAD,0,1,0,0,0,0,0,0,0,0,0,0,0,0,,,,,,,,0,0,0,0,0,0,/1,
398,Paul Sewald,33,ARI,0,1,0,0,0,0,0,0,0,0,0,0,0,0,,,,,,,,0,0,0,0,0,0,1,
399,Lucas Sims,29,CIN,0,3,0,0,0,0,0,0,0,0,0,0,0,0,,,,,,,,0,0,0,0,0,0,1,
400,Drew Smyly*,34,CHC,0,1,0,0,0,0,0,0,0,0,0,0,0,0,,,,,,,,0,0,0,0,0,0,1,
401,Nick Solak,28,ATL,0,1,0,0,1,0,0,0,0,0,0,0,0,0,,,,,,,,0,0,0,0,0,0,/H,
402,Carson Spiers,25,CIN,0,1,0,0,0,0,0,0,0,0,0,0,0,0,,,,,,,,0,0,0,0,0,0,/1,
403,Brent Suter*,33,COL,0,1,0,0,0,0,0,0,0,0,0,0,0,0,,,,,,,,0,0,0,0,0,0,1,
404,Domingo Tapia,31,SDP,0,1,0,0,0,0,0,0,0,0,0,0,0,0,,,,,,,,0,0,0,0,0,0,1,
405,Alex Vesia*,27,LAD,0,2,0,0,0,0,0,0,0,0,0,0,0,0,,,,,,,,0,0,0,0,0,0,1,
406,Hayden Wesneski,25,CHC,0,2,0,0,0,0,0,0,0,0,0,0,0,0,,,,,,,,0,0,0,0,0,0,1,
407,Ryan Yarbrough,31,LAD,0,1,0,0,0,0,0,0,0,0,0,0,0,0,,,,,,,,0,0,0,0,0,0,1,
408,Alex Young*,29,CIN,0,2,0,0,0,0,0,0,0,0,0,0,0,0,,,,,,,,0,0,0,0,0,0,1,
,League Average,,,,,,,,,,,,,,,,,0.25,0.323,0.416,0.74,100,0.327,100,,,,,,,,